{
  "statistics": {
    "平均奖励": -4.909359188747842,
    "奖励标准差": 7.587100422699112,
    "最高奖励": 9.138545537715462,
    "最低奖励": -20.97341508205498,
    "平均Arousal误差": 0.09046721447192768,
    "平均反馈率": 0.17686598124704947,
    "平均Episode长度": 265.43333333333334
  },
  "action_distribution": {
    "NONE": 4200,
    "VISUAL": 1800,
    "AUDITORY": 1500,
    "HAPTIC": 900,
    "MULTIMODAL": 600
  },
  "training_episodes": 1500
}